volume_per_atom_A3,dft_energy_eV_atom,mace_energy_eV_atom,delta_meV_atom
10.02,-4479.695025692614,-4479.690101656186,4.924036427837564
10.27,-4479.737112291281,-4479.732248422022,4.863869258770137
10.52,-4479.768819177476,-4479.76407673335,4.742444126350165
10.77,-4479.791407019787,-4479.786830282029,4.576737757815863
11.03,-4479.806405369193,-4479.802032987678,4.372381515167945
11.3,-4479.813953831333,-4479.809814730914,4.13910041879717
11.56,-4479.814461601117,-4479.810556757718,3.9048433991411002
11.7,-4479.812282982635,-4479.808505151614,3.777831021579914
11.83,-4479.808855259369,-4479.805194646191,3.660613177999039
12.1,-4479.797788404891,-4479.794365667332,3.422737559048983
12.38,-4479.781289817218,-4479.778100775193,3.1890420250419993
12.67,-4479.759526517214,-4479.756560209574,2.9663076402357547
12.96,-4479.733654640354,-4479.73088716388,2.767476474218711
13.25,-4479.70424589078,-4479.701650149215,2.5957415646189475
13.55,-4479.670630790483,-4479.668181768003,2.4490224805049365
