shear_strain,mace_delta_e_eV_atom,eam_delta_e_eV_atom,mace_stress_xy_GPa,eam_stress_xy_GPa
0.0,0.0,0.0,102.3339955094268,37.48580581421268
0.002,0.014538147640450916,0.005325446120181006,159.75456691988637,37.320427475178406
0.004,0.04539127918451413,0.01060390307127027,173.6085416692522,36.830078281687065
0.006,0.06386577523608139,0.01579002561799232,47.160955528384044,36.031690810001706
0.008,0.05879118467873923,0.02084163566684021,-70.82642360792336,34.952122428231924
0.01,0.04374176858254941,0.02572101900253075,-78.37064551751381,33.62628462786555
0.012,0.03652362814409571,0.030395916980417992,-22.815790930256522,32.09484074444306
0.014,0.03725908733031247,0.0348401691132384,9.594912988175974,30.40172065775624
0.016,0.039249843629477255,0.03903399861196128,7.15620685657203,28.591693700592018
0.018000000000000002,0.03929238997443463,0.04296396535984282,-1.7461000603349481,26.70820126162858
0.02,0.03875372187940229,0.04662263562783281,10.469777845914715,24.79159025046864
0.022,0.04226718198424351,0.050008033120681396,39.967129423701735,22.877821191869177
0.024,0.05010963592212647,0.05312294162142792,46.20591953094357,20.99766210599698
0.026000000000000002,0.05539573182068125,0.05597412699362444,8.774454622808479,19.176329668476995
0.028,0.05260273347266775,0.05857153786814822,-27.409209077728107,17.43350621321881
0.03,0.047607916514607496,0.06092753247646119,-9.816025561642137,15.783644889991873
0.032,0.04981369297547644,0.06305616604225314,39.43592990815048,14.236473030986225
0.034,0.0588129001271227,0.06497256063691662,58.92572466972903,12.797611546695087
0.036000000000000004,0.06655633809168648,0.06669236856097242,30.743564760645423,11.46924183891557
0.038,0.06754811038172193,0.06823133169042897,-8.19206996443407,10.25076775238634
0.04,0.06422871427457721,0.06960493293941375,-26.46288564184881,9.139435885268828
0.042,0.06002917522164353,0.070828131856181,-25.219881936156522,8.130891517228559
0.044,0.057062955423134554,0.07191517404233384,-1.4657880059532233,7.219658701501157
0.046,0.05961269891122356,0.07287946315803408,37.67695808253596,6.3995415275383865
0.048,0.0677681600136566,0.07373348435251771,61.28348600100177,5.663949407551921
0.05,0.07702525791410153,0.07448876869340622,55.5032086333979,5.006152890833854
0.052000000000000005,0.08353836106198287,0.07515588928208793,28.014707599636132,4.419478449281838
0.054,0.08498511432662781,0.07574448102770147,-8.564069362796085,3.897451373168824
0.056,0.08110504055730416,0.07626327736368367,-27.168836939650443,3.433895771127928
0.058,0.07726559627826646,0.07672015843488293,-5.803067011713916,3.0230000045342016
0.06,0.0794562073506313,0.07712220640606536,30.128567439952104,2.6593549448487193
0.062,0.08582606651998503,0.0774757645191389,43.987576357831266,2.337971392591942
0.064,0.09195445636851218,0.07778649735093561,33.80563230136237,2.054281950000441
0.066,0.09543130612837558,0.07805945040251612,18.367902887446895,1.8041316636109657
0.068,0.09717335323057341,0.07829910769821698,12.918524770234832,1.5837608837166397
0.07,0.09910186388333386,0.07850944650478933,21.623358188476686,1.389783038899421
0.07200000000000001,0.10331722696992074,0.07869398861549443,38.36122538502506,1.2191593958338112
0.074,0.11000149025949213,0.07885584789771144,46.37518440968105,1.0691723592463467
0.076,0.11649387026318436,0.07899777399071475,31.329429131321394,0.9373984520388902
0.078,0.11890316294284276,0.07912219217608794,6.5313731120247285,0.821681787251719
0.08,0.11834963805813459,0.07923123953805448,-0.08066645074734105,0.720108587913934
0.082,0.11888024307609157,0.07932679759418255,18.38690477111074,0.6309831149872186
0.084,0.12357393395086547,0.07941052161609025,39.40996542132431,0.5528052161178307
0.08600000000000001,0.1300778493641701,0.0794838668810471,49.69762360114506,0.4842495988981637
0.088,0.1376945863439687,0.07954811210356344,46.076849496627645,0.424146853539592
0.09,0.1431697263587921,0.07960438029493844,25.270935823377005,0.3714661944588982
0.092,0.14487485120480414,0.07965365729119334,12.187443118882443,0.32529985278196694
0.094,0.1466325609044361,0.07969680817804059,19.6480221180657,0.28484902775248233
0.096,0.15045747005933663,0.0797345918271721,34.92380233573749,0.24941129104329623
0.098,0.15655550766314263,0.07976767374239842,46.42274961229259,0.21836933129282093
0.1,0.16364762811736,0.07979663739790699,49.92142332457994,0.20387511986078233
