time_ps,potential_energy_eV_atom,kinetic_energy_eV_atom,total_energy_eV_atom,delta_pe_eV_atom,delta_total_energy_meV_atom,temperature_K
0.0,-4479.811829274136,0.06981015599662851,-4479.742019118139,0.0,0.0,540.0754802207537
0.1,-4479.797504056639,0.05684948146426768,-4479.740654575175,0.014325217496661935,1.3645429644384421,439.80722523522223
0.2,-4479.767088057481,0.026413226279882955,-4479.7406748312005,0.04474121665498387,1.3442869385471568,204.34184200900728
0.30000000000000004,-4479.746824286011,0.009612883967330729,-4479.737211402044,0.06500498812420119,4.807716095456271,74.3685907995
0.4,-4479.74901109797,0.01681365548997568,-4479.732197442479,0.06281817616581975,9.821675659622997,130.07624654861786
0.5,-4479.761804967684,0.03533722660948638,-4479.726467741075,0.05002430645163258,15.551377064184635,273.38099103674324
0.6000000000000001,-4479.768596305176,0.049087628665245034,-4479.719508676511,0.04323296895927342,22.510441627673572,379.75885092651265
0.7000000000000001,-4479.7637530503725,0.050758387616465214,-4479.7129946627565,0.04807622376301879,29.024455382568703,392.68441927729737
0.8,-4479.751850537895,0.04848835334482196,-4479.70336218455,0.05997873624073691,38.65693358875433,375.12265004941435
0.9,-4479.736625711456,0.04300599057525368,-4479.693619720881,0.07520356267923489,48.39939725843578,332.7091979771691
1.0,-4479.7207648781505,0.038956401160133144,-4479.68180847699,0.09106439598508587,60.210641148842114,301.3801754754327
1.1,-4479.70515955839,0.034793184735597275,-4479.670366373654,0.10666971574573836,71.65274448470882,269.17209518045775
1.2000000000000002,-4479.69280925774,0.03599091008911263,-4479.656818347651,0.11902001639555237,85.20077048797248,278.43811222679716
1.3,-4479.685699350251,0.043978342599427504,-4479.6417210076515,0.12612992388494604,100.2981104875289,340.23164910053663
1.4000000000000001,-4479.676804467796,0.05210679635577335,-4479.62469767144,0.13502480633997038,117.32144669895206,403.11617504433605
1.5,-4479.655152832239,0.047313100749875055,-4479.607839731489,0.15667644189670682,134.1793866504304,366.0304900257741
1.6,-4479.6232276478795,0.03719633250212701,-4479.586031315377,0.1886016262560588,155.98780276195612,287.7636763840961
1.7000000000000002,-4479.598355804047,0.033579735084926,-4479.564776068962,0.21347347008850193,177.24304917737754,259.7844295399219
1.8,-4479.589058451319,0.04692723218799028,-4479.542131219131,0.22277082281652838,199.8878990079902,363.04527754648853
1.9000000000000001,-4479.578510729897,0.05884509278754974,-4479.51966563711,0.23331854423850018,222.35348102913122,455.24596374495405
2.0,-4479.548908118908,0.05420269302707433,-4479.494705425881,0.2629211552275592,247.3136922581034,419.3307556463422
2.1,-4479.510890492334,0.042877602638690636,-4479.468012889695,0.30093878180196043,274.0062284437954,331.7159445528796
2.2,-4479.481086037451,0.042046859557663616,-4479.439039177893,0.3307432366846115,302.9799402456774,325.2890291274592
2.3000000000000003,-4479.454741748887,0.046282386742537,-4479.408459362144,0.35708752524897136,333.5597559953385,358.05653044158066
2.4000000000000004,-4479.423638257951,0.04849858356980262,-4479.375139674381,0.3881910161844644,366.87944375808,375.2017946035314
2.5,-4479.391256689262,0.05108841160929594,-4479.340168277653,0.4205725848732982,401.8508404860768,395.2375988808643
2.6,-4479.359957416225,0.05672122108536094,-4479.30323619514,0.45187185791019147,438.78292299905297,438.81495864102214
2.7,-4479.318406811501,0.05619638520978852,-4479.262210426291,0.49342246263495326,479.80869184812036,434.75464702174224
2.8000000000000003,-4479.265360741267,0.04513745803390608,-4479.220223283232,0.5464685328688574,521.7958349066976,349.19896647678684
2.9000000000000004,-4479.219913699992,0.04329786388276525,-4479.176615836109,0.5919155741439681,565.4032820302746,334.9672307013123
3.0,-4479.182625548953,0.054719722936211475,-4479.127905826017,0.6292037251823785,614.113292122056,423.3306776129858
3.1,-4479.137479688596,0.059542066686304004,-4479.07793762191,0.6743495855398578,664.0814962293007,460.63799457051505
3.2,-4479.082675222143,0.05787124191282106,-4479.02480398023,0.7291540519927366,717.2151379090792,447.71191699596966
3.3000000000000003,-4479.01803024519,0.05091284931421974,-4478.967117395876,0.7937990289456138,774.9017222631664,393.8793883244158
3.4000000000000004,-4478.951223776912,0.04477491886314015,-4478.906448858049,0.8606054972233323,835.5702600902077,346.39423822550344
3.5,-4478.902004058517,0.062189258746117144,-4478.839814799771,0.9098252156181843,902.2043183676942,481.1175867233988
3.6,-4478.8420836925,0.07305192157971699,-4478.76903177092,0.9697455816358342,972.9873472188046,565.1548985239325
3.7,-4478.740157092006,0.046302916206069376,-4478.693854175799,1.071672182129987,1048.1649423400086,358.21535346263875
3.8000000000000003,-4478.660520918041,0.043638176310006334,-4478.6168827417305,1.1513083560948871,1125.1363764085909,337.60000518725093
3.9000000000000004,-4478.611316321164,0.07659598037108137,-4478.534720340793,1.2005129529716214,1207.2987773462955,592.572961502751
4.0,-4478.516428726755,0.06456177037834351,-4478.451866956377,1.295400547380268,1290.1521617623075,499.47215620990534
4.1000000000000005,-4478.40369836708,0.042281084902385815,-4478.361417282178,1.408130907055238,1380.601835960988,327.10107729902927
4.2,-4478.322808592104,0.056112519812653694,-4478.266696072291,1.489020682031878,1475.3230458481994,434.10583534119417
4.3,-4478.239560847669,0.07197313211953908,-4478.167587715549,1.5722684264665077,1574.4314025896529,556.8090106306179
4.4,-4478.131528090448,0.06898909717164355,-4478.062538993277,1.6803011836873338,1679.4801248624935,533.7234855451557
4.5,-4478.01062662494,0.058593123319315286,-4477.952033501621,1.8012026491951474,1789.985616517697,453.29664090481793
4.6000000000000005,-4477.880272346495,0.04289588851296773,-4477.837376457982,1.9315569276404858,1904.642660157151,331.85741039249086
4.7,-4477.778907286783,0.05972384433865603,-4477.719183442444,2.0329219873528928,2022.8356756952053,462.044289277723
4.800000000000001,-4477.66834914658,0.07462370196429217,-4477.593725444616,2.143480127555449,2148.2936735228577,577.3147344945326
4.9,-4477.522365192194,0.05140456614483031,-4477.470960626049,2.2894640819413326,2271.058492089651,397.68347957207703
5.0,-4477.406725408792,0.06579076041658244,-4477.340934648376,2.405103865343335,2401.084469763191,508.98004765653764
